<!DOCTYPE hibernate-configuration PUBLIC
        "-//Hibernate/Hibernate Configuration DTD 3.0//EN"
        "http://www.hibernate.org/dtd/hibernate-configuration-3.0.dtd">

<hibernate-configuration>

    <session-factory>

        <!-- JDBC Database connection settings -->
        <property name="connection.driver_class">com.mysql.cj.jdbc.Driver</property>
        <property name="connection.url">jdbc:mysql://localhost:3306/finance?useSSL=false&amp;serverTimezone=UTC</property>
        <property name="connection.username">root</property>
        <property name="connection.password"></property>

        <!-- JDBC connection pool settings ... using built-in test pool -->
        <property name="connection.pool_size">1</property>

        <!-- Select our SQL dialect -->
        <property name="dialect">org.hibernate.dialect.MySQLDialect</property>

        <!-- Echo the SQL to stdout -->
        <property name="show_sql">true</property>

		<!-- Set the current session context -->
		<property name="current_session_context_class">thread</property>
		 <property name="hibernate.connection.characterEncoding">utf8</property> 
		 
		 <mapping class="org.gahoo.entity.Planning" />
		 <mapping class="org.gahoo.entity.Frequence" />
		<mapping class="org.gahoo.entity.User" />
		<mapping class="org.gahoo.entity.Profile" />
		<mapping class="org.gahoo.entity.PosteDepense" />
		<mapping class="org.gahoo.entity.Compte" />
		<mapping class="org.gahoo.entity.Budget" />
		<mapping class="org.gahoo.entity.Student" />
		<mapping class="org.gahoo.entity.TypeEntree" />
		<mapping class="org.gahoo.entity.Operation" />
		<mapping class="org.gahoo.entity.PosteDepense" />
		<mapping class="org.gahoo.entity.PosteEntree" />
		<mapping class="org.gahoo.entity.HistoriqueSolde" />
		
		<mapping class="org.gahoo.entity.Depense" />
		<mapping class="org.gahoo.entity.Entree" />
		
    	
 
    </session-factory>

</hibernate-configuration>